state,percent_fair_or_poor_health,average_number_of_mentally_unhealthy_days,percent_smokers,percent_adults_with_obesity,food_environment_index,percent_excessive_drinking,num_driving_deaths,num_uninsured,num_primary_care_physicians,num_dentists,dentist_rate,num_mental_health_providers,mental_health_provider_rate,preventable_hospitalization_rate,percent_some_college,percent_children_in_poverty,num_households_CHR,num_associations,annual_average_violent_crimes,injury_death_rate,percent_severe_housing_problems,severe_housing_cost_burden,inadequate_facilities,num_deaths_3,infant_mortality_rate,num_food_insecure,num_limited_access,num_drug_overdose_deaths,drug_overdose_mortality_rate,num_uninsured_2,percent_uninsured_2,num_uninsured_3,other_primary_care_provider_rate,percent_disconnected_youth,median_household_income,segregation_index_2,num_deaths_5,firearm_fatalities_rate,num_homeowners,num_households_with_severe_cost_burden,percent_severe_housing_cost_burden,percent_65_and_over,num_black,num_american_indian_alaska_native,percent_american_indian_alaska_native,num_asian,num_native_hawaiian_other_pacific_islander,num_not_proficient_in_english,num_minorities,num_institutionalized_in_group_quarters,percentile_rank_age_65_and_older,percentile_rank_age_17_and_younger,percentile_rank_minorities,percentile_rank_multi_unit_housing,percentile_rank_mobile_homes,percentile_rank_institutionalized_in_group_quarters,percentile_rank_housing_and_transportation,percentile_rank_social_vulnerability,region
Alabama,23.81642921595522,4.966113642055224,19.98923140641791,37.43134328358209,6.832835820895522,13.53852286337612,69.46268656716418,6538.044776119403,48.61538461538462,36.796875,31.571202343750002,76.07692307692307,62.93782230769231,6159.985074626866,51.99408600535821,29.24328358208955,16263.746268656716,86.97014925373135,343.93939393939394,88.66039768620895,13.807712033771642,11.849587645941792,1.0169838498432835,53.32142857142857,8.298313053497369,11431.492537313432,5651.092539869642,59.10526315789474,16.071850121671055,6078.776119402985,14.979716275159701,512.6865671641791,61.580805522388054,10.269195110502778,43479.82089552239,32.78245992485821,70.83333333333333,20.44252071699219,19033.17910447761,3329.2985074626868,11.96802399462388,18.620979073582088,19330.97014925373,513.0597014925373,0.8433587351731343,1092.044776119403,77.71641791044776,724.1343283582089,24430.283582089553,1766.2835820895523,0.47022089552238805,0.4911074626865672,0.6891268656716418,0.41577014925373135,0.7547537313432836,0.4361835820895522,0.5355074626865671,0.717334328358209,Southeast
Alaska,16.914579118689655,3.610430807227586,20.806449402965516,34.53103448275862,6.179310344827586,20.96857386113793,18.7,3266.448275862069,26.92,26.32142857142857,69.06327892857142,113.89285714285714,425.49868107142856,2924.3125,56.09067924637931,18.020689655172415,6348.758620689655,26.17241379310345,285.6666666666667,128.31153117152172,26.954196840137932,9.072937952244827,10.665308706989656,42.36363636363636,7.211631797116667,3353.103448275862,2241.1911442203104,66.8,19.9568409146,2712.2413793103447,21.658972752931035,598.3103448275862,140.33955344827586,15.279745700133333,64439.379310344826,29.402087290710526,63.92857142857143,29.498023705769235,5592.137931034483,1038.3793103448277,8.962433477424138,13.221707486893104,857.2758620689655,3914.344827586207,32.17726013640345,1690.5172413793102,352.44827586206895,404.17241379310343,9664.827586206897,957.2758620689655,0.09628620689655172,0.6145551724137931,0.8192344827586207,0.5651137931034483,0.23506206896551723,0.7324724137931033,0.8276172413793104,0.5361862068965517,West
Arizona,19.8759002698,4.357918672639999,16.4839110672,29.953333333333333,6.266666666666667,15.906777934533332,308.4,45731.6,310.8666666666667,294.06666666666666,51.08659733333334,636.8,95.385366,3248.266666666667,56.0536049134,26.493333333333332,107806.2,262.0,1736.0666666666666,106.19949981406667,19.104654090533334,12.159169236246667,2.9885983859466667,228.35714285714286,6.108256697684615,64537.333333333336,32146.580382706667,327.3571428571429,21.775343133642856,37900.066666666666,15.511470607033335,8669.866666666667,78.37494533333333,10.594973038641665,49105.86666666667,44.741122544266666,467.07142857142856,19.18331043302143,107071.0,23112.133333333335,12.1769967894,21.1672310632,20925.0,25344.0,15.086253900426668,17579.733333333334,1319.2666666666667,21099.2,196713.4,10184.133333333333,0.5039333333333333,0.5922066666666667,0.8407066666666666,0.53866,0.7433599999999999,0.5645399999999999,0.8259466666666667,0.8558866666666667,Southwest
Arkansas,23.303016732013333,4.763351925842667,20.38884868184,35.984,6.404,13.742365856933333,34.96,3015.72,27.027027027027028,20.260869565217394,36.9470863768116,94.72222222222223,148.79473930555557,5633.386666666666,52.111241837533335,28.393333333333334,9287.48,44.93333333333333,200.35135135135135,91.11552229154667,13.704427079894668,10.615634539970667,1.247738213756,35.64,8.135369231612499,6668.8,3399.59863157956,35.354838709677416,17.3572327756871,2636.5066666666667,11.466371821874667,419.70666666666665,72.32977613333334,11.22367032652174,41801.37333333334,29.746241260082666,45.35,19.907399034932205,10085.746666666666,1712.9466666666667,10.866140142617335,19.776845954586665,6195.2,403.0,0.9312022727826667,670.68,145.08,594.5733333333334,10540.96,1108.84,0.5448879999999999,0.5293333333333333,0.5445066666666667,0.40048533333333336,0.6731786666666667,0.4462106666666667,0.5804546666666667,0.7167479999999999,Southeast
California,16.186063267551724,3.950604461089655,12.091599764922414,27.42758620689655,7.827586206896552,19.83312739612069,306.4310344827586,47242.724137931036,540.3965517241379,576.8275862068965,73.69971637931035,2408.5689655172414,357.8850753448276,3411.9827586206898,60.46797259598276,18.28448275862069,155159.10344827586,398.2586206896552,2811.6293103448274,77.9699711873793,22.81553197243103,17.807775135189658,1.267090154210345,271.3469387755102,4.513841255016667,74447.24137931035,21137.059263267758,296.48,16.366646329946,42722.275862068964,9.649456436572414,5089.517241379311,67.54142655172414,7.471321841651111,67098.6551724138,24.958264551244643,389.3818181818182,11.9913039208717,122162.6724137931,43851.25862068965,17.871045025206897,18.006280758448277,38332.31034482759,11225.448275862069,3.1969778211568967,104544.8275862069,3446.0689655172414,62024.879310344826,410637.3103448276,14068.706896551725,0.3768258620689655,0.4934810344827586,0.7967517241379309,0.7170086206896552,0.32265,0.5289258620689655,0.6830068965517241,0.6504913793103447,West
Colorado,14.448558723453125,3.74961537505625,14.29749755565625,24.784375,7.946875,18.194754818578126,45.671875,6410.15625,75.37704918032787,75.58333333333333,54.7531885,337.5,225.07153933333333,2884.15,63.73043574984375,17.571875,19507.125,73.640625,284.2016129032258,95.20046761228814,15.982309861179688,12.976387405071875,1.268785078365625,91.78260869565217,4.5859221401769235,8810.46875,4292.254913215859,105.03703703703704,21.76817677025926,5578.671875,12.041132097740626,923.359375,82.57316796875,7.330715241907143,59599.671875,21.884669698757143,127.2,19.137964414828947,21424.140625,4560.6875,12.980196708579687,19.344671013953125,3579.453125,1423.75,2.168108666475,3088.03125,170.828125,2455.359375,25987.0,1830.359375,0.450228125,0.3859109375,0.602434375,0.5755015625,0.4098203125,0.4360375,0.43990625,0.3877484375,West
Connecticut,11.817604782125,3.54780369165,11.873619917375,26.7,8.3125,18.0577017255,174.625,22765.25,373.125,379.625,73.55516125,1755.0,358.6046775,4179.125,69.288636717375,11.85,93317.125,422.875,1316.6666666666667,72.42420341825,16.31608632575,14.897255585249999,0.563945909075,131.375,4.3375087507125,48451.25,19404.683316375,389.0,30.993980526375,20262.25,6.4620855583375,2833.375,100.09133125,5.488741054771428,77438.625,43.449410805625,247.625,5.3312887602625,113391.75,27911.75,15.083901359125,17.820988960375,45607.25,2492.875,0.5464803579499999,21724.875,480.0,16122.375,140515.0,14608.375,0.35425,0.2792625,0.5962875,0.8455125,0.0430875,0.6964,0.5232749999999999,0.31315,Northeast
Delaware,17.856453074666668,4.327972398533333,16.0504396,32.333333333333336,8.166666666666666,17.484330034,201.33333333333334,15528.666666666666,230.33333333333334,150.0,40.30205,845.0,227.65111666666667,5174.0,59.279201751666655,18.900000000000002,67054.0,329.6666666666667,1571.1666666666667,77.13497912466666,15.116067971333335,13.322384518,0.6355948055666666,156.66666666666666,6.658819007333332,36076.666666666664,13991.578901033334,340.3333333333333,33.42049358966667,13696.333333333334,7.612192682900001,2022.0,104.96254333333333,6.636855997833333,61454.333333333336,33.092785853,197.33333333333334,10.877373497866666,84769.33333333333,15855.666666666666,13.726953639666666,20.119699769,70501.33333333333,2152.6666666666665,0.7723105240666667,13194.666666666666,349.6666666666667,5983.666666666667,113710.0,8384.0,0.47269999999999995,0.4197333333333333,0.7446666666666667,0.8275666666666667,0.4567333333333334,0.5553666666666667,0.6508333333333334,0.5256333333333333,Southeast
District of Columbia,13.033793656,3.5629029718,15.965592149,23.5,8.6,27.313018199,135.0,24833.0,815.0,830.0,118.15703,3404.0,484.5862,5520.0,81.197178746,24.5,120652.0,1995.0,8217.5,78.357904643,21.461245005,18.503057059,0.7684102045,400.0,7.6606045749,76550.0,4728.9317891,833.0,40.094397518,23609.0,5.1831410155,1347.0,178.23206,6.9894645243,82533.0,60.420194905,227.0,15.78305979,117571.0,49728.0,18.39325344,12.14355368,315337.0,4296.0,0.6115694244,31025.0,975.0,15964.0,423287.0,39967.0,0.0675,0.0532,0.9494,0.9987,0.0,0.8523,0.9688,0.5918,Southeast
Florida,20.095058171895523,4.493020429804478,19.19111622446269,31.182089552238804,7.13134328358209,17.549824154417912,221.7462686567164,39044.22388059701,234.0923076923077,190.53030303030303,44.09650439393939,518.8030303030304,114.32622015151516,5659.522388059701,51.61334211058209,23.592537313432835,61258.97014925373,219.29850746268656,1342.2910447761194,89.3586178408209,16.622678670492537,14.050184330401493,0.8677691462029851,156.66071428571428,6.78818660560625,40028.50746268657,20115.857235597003,267.1666666666667,21.770230119999997,34823.46268656717,18.836401032208954,4689.268656716418,84.92082597014925,9.787103199785715,50621.10447761194,32.92189268032686,264.08196721311475,15.190031637773016,73949.26865671642,19131.731343283584,13.843953855892536,22.071108485791044,49393.82089552239,1596.7761194029852,0.749814469219403,9428.910447761195,363.4776119402985,18978.701492537315,132149.62686567163,6454.268656716418,0.5919223880597014,0.26180000000000003,0.6890641791044776,0.5956044776119402,0.6708731343283583,0.6186970149253731,0.7184626865671642,0.6833597014925373,Southeast
Georgia,20.09891599871698,4.0663246459257865,18.26263320609434,34.44779874213836,7.074050632911392,14.900191605502515,45.54430379746835,8565.899371069183,46.75342465753425,36.270270270270274,36.16498506756757,105.71532846715328,78.27004510948905,5327.96835443038,50.72461024828302,28.62830188679245,15589.415094339623,55.672955974842765,253.9967105263158,77.97722238825949,15.967256865285535,13.588682163933333,0.8972004700371069,59.25,7.7314348716716985,9245.974842767295,5545.559456108651,53.373333333333335,16.227535049316,7471.691823899371,20.101402559389935,1217.2955974842766,75.62651503184713,12.482256025814063,47507.08176100629,26.980168682435487,57.79661016949152,16.926045165495935,14716.861635220126,3243.874213836478,13.584886596496228,17.5185102897478,20841.603773584906,345.1698113207547,0.5490180433025157,2852.125786163522,78.18867924528301,1698.3647798742138,29138.87421383648,1641.6163522012578,0.3595930817610063,0.5935786163522013,0.7315905660377359,0.37171886792452835,0.7218345911949685,0.468940251572327,0.6008169811320755,0.726625786163522,Southeast
Hawaii,13.3745658346,3.38194628022,12.5207070946,22.44,7.780000000000001,19.6181388846,133.0,13256.25,250.0,247.4,58.134696,707.6,187.513644,2335.0,63.183538392799996,13.675,75816.5,186.8,869.125,61.80908370675,24.706488504,17.245941003600002,1.7484289318200001,155.75,5.001971980325,30184.0,18886.99002772,151.75,13.689034556749998,11556.75,6.160493193800001,1875.5,42.871518,11.197356128375,73140.5,32.15535692825,245.5,5.4505685356,53272.4,20519.0,17.4616020815,23.825471314399998,5586.8,1125.8,0.38707295378,106930.2,28961.2,12724.2,219477.6,8795.4,0.5171,0.35274,0.97014,0.90296,0.007000000000000001,0.5467799999999999,0.61744,0.41848,West
Idaho,15.539112304863636,3.939918129070455,14.148483205454545,30.25681818181818,7.3090909090909095,15.627244231795457,25.704545454545453,3827.2727272727275,26.325581395348834,26.558139534883722,49.23755534883721,85.02325581395348,119.72872534883722,2605.8333333333335,57.242506203113635,17.504545454545454,9895.181818181818,25.568181818181817,80.7159090909091,88.67625477200001,15.236592969277273,11.372166242854545,1.2671513879931817,38.15,5.65845202188,4636.818181818182,2515.5368474030684,48.0,18.26053555050769,3425.2272727272725,18.171861318136365,443.29545454545456,75.72959204545454,9.36796367687,52215.75,22.648875440417648,55.40625,19.955911756706666,9734.09090909091,1592.4318181818182,10.890481559406819,19.104700663236365,296.59090909090907,692.0227272727273,2.1559058846727273,632.25,88.25,735.2727272727273,6354.25,680.1363636363636,0.4726227272727273,0.6741818181818182,0.4578227272727273,0.43182954545454544,0.5270295454545454,0.34625227272727277,0.367025,0.4619772727272728,West
Illinois,15.377447465441177,4.01400899307549,15.835976645117649,30.38529411764706,8.044554455445544,19.934053435960784,50.205882352941174,8214.607843137255,107.8,102.340206185567,44.975153711340205,307.89473684210526,169.58303410526315,5222.676470588235,62.5097405535098,18.119607843137256,28452.774509803923,120.75490196078431,531.1614583333334,77.41776083315686,11.431512966050981,9.56499587839608,0.933143417690196,100.03448275862068,6.910523498294738,13394.509803921568,5673.386022738535,131.05084745762713,20.155381521701692,7439.176470588235,7.601181126415686,866.7058823529412,70.81006089108911,7.845827386615383,56225.82352941176,35.05132417437889,88.56962025316456,9.958220737913116,31265.049019607843,6804.764705882353,9.733126745713726,19.421518124127452,17560.754901960783,740.8529411764706,0.40669069753333337,7340.411764705882,82.79411764705883,5027.745098039216,47596.35294117647,2947.5392156862745,0.5420764705882353,0.4321029411764706,0.34010980392156864,0.5224235294117647,0.34771568627450977,0.5260666666666667,0.397428431372549,0.3648362745098039,Midwest
Indiana,18.171589136380433,4.526034422538044,19.932077398858695,34.006521739130434,8.027777777777777,17.13166976177174,45.27173913043478,5724.641304347826,50.14772727272727,41.38461538461538,39.86201593406594,120.59550561797752,98.27593471910112,4888.858695652174,56.86083132306521,16.726086956521737,16869.239130434784,85.45652173913044,367.40476190476187,79.85963698708696,11.302252308183697,9.269764276118478,0.9190942121065216,50.68493150684931,7.397199824140816,9358.369565217392,4991.496410940509,67.02739726027397,26.46668715987534,4697.641304347826,10.71639250748261,1110.6304347826087,65.6110220652174,8.113179816114,56036.184782608696,35.51955893736629,60.25,12.610683473284615,19138.391304347828,3048.282608695652,9.402761054318479,17.739475090293478,6903.119565217391,301.5217391304348,0.3982573081815218,1797.4782608695652,49.369565217391305,1002.0869565217391,14183.673913043478,2053.7608695652175,0.39754456521739134,0.5891956521739131,0.2639271739130435,0.5509673913043478,0.353929347826087,0.4402478260869565,0.366870652173913,0.3605,Midwest
Iowa,13.657602345060607,3.5293769217838387,15.843847157606062,34.14141414141414,8.2010101010101,20.331215481646467,17.07070707070707,1408.3232323232323,23.161616161616163,21.262626262626263,50.898215252525254,54.733333333333334,97.30648566666667,3587.373737373737,66.72361430065656,14.464646464646465,7278.151515151515,44.21212121212121,91.57978723404256,74.91250084240404,10.404581425477778,8.492308222867676,1.0696734357909092,34.766666666666666,5.54331041835,3486.7676767676767,1716.8925274642827,37.473684210526315,11.144356969347367,1202.858585858586,6.902244349841414,224.2020202020202,82.24607595959597,5.88801130306,57229.62626262626,35.34275404882666,36.81132075471698,10.035241235225714,9031.838383838383,1259.8686868686868,8.604890654887878,20.142407666737373,1203.9292929292928,168.4949494949495,0.5319984282878788,865.7373737373738,42.74747474747475,485.09090909090907,4090.7979797979797,1011.040404040404,0.6301949494949495,0.5565484848484848,0.2430979797979798,0.5778818181818183,0.17593636363636364,0.5624707070707071,0.29550909090909094,0.22612929292929293,Midwest
Kansas,15.98222582263619,3.657639138609524,16.185360831514288,34.42285714285715,7.493333333333333,16.83611373398095,19.557692307692307,2317.2,22.72727272727273,16.84158415841584,39.13365900990099,70.95061728395062,122.56361555555556,4688.466666666666,64.35914381110476,17.13142857142857,6748.92380952381,34.666666666666664,106.05555555555556,95.47779336739806,10.887363782430475,8.425808617789524,1.3261997732571429,44.0,6.6607507441500005,3515.714285714286,2248.345209978419,52.266666666666666,13.401028244053332,1987.2285714285715,13.849889267727619,361.73333333333335,108.96162817307692,6.68948097369,52188.780952380956,22.304487535742645,54.404761904761905,14.897621644335485,7103.285714285715,1135.0285714285715,8.897717316857143,20.273176242118097,1593.7238095238095,331.5904761904762,1.3312954847323808,868.847619047619,34.46666666666667,578.0285714285715,6392.847619047619,753.2285714285714,0.604692380952381,0.6025961904761904,0.4047009523809524,0.4732390476190476,0.3424342857142857,0.5215942857142858,0.3070819047619048,0.3041142857142857,Midwest
Kentucky,22.893621100641667,4.963973155002501,22.291081305466665,35.251666666666665,7.376923076923077,15.66996770545,31.705882352941174,1926.275,25.42608695652174,24.133333333333333,37.94568041666666,87.73913043478261,160.47363486956522,6654.008333333333,52.443702994491666,26.788333333333334,8307.983333333334,36.55,82.7375,101.978065299775,13.336208326576667,10.954154714287501,1.1413386102799998,29.323943661971832,7.1456012848,5462.416666666667,2070.5445300119445,51.43037974683544,32.36870091312405,1634.7166666666667,7.729146477745833,318.825,100.54535583333333,10.826028477353846,45238.51666666667,34.354842724690734,37.79381443298969,18.141516333143617,9646.925,1653.4,11.307459116683333,17.792078667108335,3044.4333333333334,111.76666666666667,0.3299805438541667,606.7166666666667,33.81666666666667,355.60833333333335,5380.358333333334,1090.95,0.4057658333333333,0.5280633333333333,0.24275166666666667,0.3618891666666667,0.6911925,0.46932666666666667,0.5644816666666667,0.617965,Southeast
Louisiana,22.369978650515627,5.043880483359375,21.79292428271875,37.325,6.7328125,18.64352157865625,59.171875,5825.03125,49.698412698412696,40.714285714285715,35.95363142857143,219.9047619047619,215.39511380952382,6966.734375,47.20869985184375,29.8546875,17148.578125,66.96875,393.3671875,85.50531515754687,13.861442401395312,11.000333415807813,0.8821170662078125,55.964285714285715,8.296085563937499,11433.125,6748.113597609531,83.62162162162163,23.318722153205407,5345.5,12.468435207871876,530.296875,73.42952578124999,14.93391010252174,45023.65625,40.78898132078125,64.03703703703704,18.86803934703158,17704.4375,3680.515625,12.18080106940625,16.41714881028125,23486.0,570.3125,0.907271212825,1316.734375,45.140625,1003.34375,29547.296875,2008.640625,0.2780609375,0.6703625,0.761934375,0.3594515625,0.7440109375,0.5522453125,0.7199375,0.7727640625,Southeast
Maine,13.674059597031249,4.18947603940625,16.12272784325,30.83125,7.8875,19.4465339888125,47.3125,6678.9375,93.0,54.0625,51.95760875,398.25,388.64753625000003,3769.9375,62.8558200606875,17.962500000000002,15641.125,90.75,101.03125,91.6058870828125,14.849962830125,12.6391453283125,1.5157675839687499,31.714285714285715,6.831501842671429,10889.375,3182.270806495625,70.125,25.6466466810625,5943.375,13.0494062355125,804.4375,119.625030625,7.199767953327273,51536.5,30.9141581579375,76.5,12.650396788875,25132.4375,4254.4375,12.30130267513125,22.3533444626875,1294.25,603.5625,0.93178327988125,1042.125,28.4375,442.5625,5207.3125,2237.8125,0.68364375,0.148075,0.166825,0.52933125,0.434525,0.54808125,0.49343125,0.3303375,Northeast
Maryland,13.9043997106125,3.9318825249166665,14.420558335608334,33.475,8.391666666666667,16.776635139125002,105.95833333333333,14746.75,221.08333333333334,194.83333333333334,68.95826166666667,650.4166666666666,230.64372333333336,4419.041666666667,64.06471009620833,14.6875,55519.75,223.91666666666666,1153.7708333333333,79.2506047195,15.874112841208335,14.300133233250001,0.7838088063374999,122.04347826086956,7.018865204152381,25853.333333333332,8153.022135434237,275.625,36.55074022245833,12805.541666666666,7.66667618455,2154.5416666666665,98.89726333333333,6.734359625344443,75031.0,34.668764205916666,131.08695652173913,10.930242245850001,60997.541666666664,12931.416666666666,14.019847304875,17.7224141755,75055.29166666667,1507.8333333333333,0.47665334287083333,16903.416666666668,281.0833333333333,7539.75,117979.66666666667,5847.125,0.3617958333333333,0.449475,0.6535458333333334,0.7866749999999999,0.149125,0.4872625,0.4369,0.35537083333333336,Southeast
Massachusetts,13.154396011428572,3.958794038242857,13.270094797750001,25.342857142857145,8.6,21.462704522357143,128.0,13027.785714285714,506.07142857142856,507.57142857142856,92.18106785714285,3100.0,660.9146978571428,4597.857142857143,70.51079107685715,12.607142857142858,97539.85714285714,460.7857142857143,1977.0384615384614,67.89875198321428,18.13097065392857,16.302161396285715,0.9544653120285714,153.41666666666666,4.288673960563636,42866.42857142857,19149.937843504285,510.0,31.64973657846154,11703.642857142857,4.062511744678572,1491.857142857143,117.33813285714287,4.380433366263636,75312.78571428571,41.26963681385714,234.92857142857142,3.9484114451166663,115789.5,29050.214285714286,16.64644150192857,18.634741008285715,35734.0,2436.5714285714284,0.5555100933642857,35179.142857142855,529.7857142857143,21109.214285714286,126580.85714285714,17899.428571428572,0.40950000000000003,0.23689285714285716,0.5610642857142857,0.7724785714285715,0.04150714285714286,0.6492642857142857,0.5662285714285714,0.33079285714285717,Northeast
Michigan,15.211250910156625,4.335976203389157,17.566229384518074,33.4289156626506,7.742682926829268,19.04446767091566,59.493975903614455,5983.78313253012,95.1219512195122,89.59036144578313,55.23947686746988,326.6829268292683,183.76636975609756,4132.939759036145,61.14026459549398,20.022891566265063,26148.9156626506,115.28915662650603,540.9382716049382,78.16487341150602,13.768210228043372,11.92411577646024,0.8817240575156626,85.62962962962963,6.0478305529432435,16210.361445783132,7586.022302415312,119.71428571428571,20.81670084930635,5265.120481927711,8.061545801521687,795.5783132530121,91.04358421686747,8.29392328859655,51601.3734939759,31.883004554332928,94.33333333333333,11.795427719231883,33459.20481927711,5947.481927710844,11.449112810812048,21.76048987219277,16573.75903614458,885.5301204819277,1.7667596786036144,4064.289156626506,49.903614457831324,1704.7590361445782,28994.265060240963,2761.3012048192772,0.6060987951807228,0.32116144578313255,0.3409807228915663,0.5500120481927712,0.3901265060240964,0.49007951807228917,0.4487168674698795,0.4403361445783132,Midwest
Minnesota,12.53154012654138,3.171345602535632,14.983851824149426,31.593103448275862,8.34367816091954,20.791467942091955,22.127906976744185,2707.390804597701,60.829268292682926,46.80232558139535,52.208911744186054,176.375,141.78968862500003,6208.620689655172,67.9729593924023,13.183908045977011,14675.379310344828,80.05747126436782,146.13793103448276,73.17609289108046,11.803053246447128,9.777126049978161,0.9472510573885058,49.0,5.450737504380952,5834.252873563219,3426.7698876231034,54.76470588235295,14.372519848864703,2241.6666666666665,6.581429954329884,509.11494252873564,81.04685476744186,5.810807599454838,60664.32183908046,32.92547415699405,60.53448275862069,9.073987193622221,17830.919540229886,2742.977011494253,9.804662356091955,19.744919122850575,4225.080459770115,880.6436781609195,2.3828584204091956,3321.551724137931,47.64367816091954,1269.3563218390805,11706.71264367816,1544.8735632183907,0.5666091954022988,0.5606103448275862,0.3283022988505747,0.7814712643678161,0.24262068965517242,0.5003747126436782,0.43144712643678157,0.2563574712643678,Midwest
Mississippi,25.15813162434146,4.720629088879268,20.342772022158538,38.234146341463415,5.9185185185185185,13.373597881103658,40.48780487804878,4296.414634146341,20.25641025641026,17.82278481012658,33.77570810126583,64.20270270270271,110.16027810810812,6384.048780487805,53.20391280371952,32.69268292682927,8694.817073170732,42.75609756097561,147.421875,95.62168259450617,15.53590448105122,12.635384325899999,1.0312264382487806,32.0,9.720979756737501,6808.292682926829,3904.891714181852,31.307692307692307,15.029294520469232,3888.060975609756,19.504629989658536,450.4634146341463,92.85219109756098,11.996395269338237,39932.71951219512,30.91953029505679,33.258620689655174,21.919325937608573,9195.341463414634,1680.4024390243903,12.852163099004878,17.141714557743903,13635.40243902439,224.67073170731706,0.7448986059987804,392.0975609756098,22.097560975609756,278.9878048780488,15598.365853658537,1150.5853658536585,0.33927439024390244,0.6823012195121951,0.8000402439024391,0.3353756097560976,0.7310536585365853,0.48692682926829267,0.6548658536585366,0.8214573170731707,Southeast
Missouri,19.952478174662943,4.556081078017752,20.445087218818184,33.18087762423771,7.321424434296285,17.528346067863517,43.89655172413793,5573.258620689655,45.669724770642205,39.51785714285714,36.265035704375244,127.7,108.49746053407236,4902.23966106942,54.39205580421327,22.562986654858403,14087.293103448275,69.28448275862068,254.3464912280702,88.05409781350596,12.803040430614391,10.233332118467123,1.3360319368037192,56.12307692307692,7.468403963161443,8754.224137931034,4200.523901951707,83.60714285714286,22.14664978325703,4907.0,15.618993945920755,730.4137931034483,69.53347905098448,8.979774832190044,46904.01444432847,29.936149864925497,69.64893617021276,18.74951784471471,16249.387931034482,2803.7413793103447,10.1971302692018,19.54188403126104,7775.439655172414,363.37068965517244,0.691149638699699,1333.6293103448277,114.18103448275862,616.698275862069,13218.293103448275,1646.1724137931035,0.5468346740604939,0.554712740798315,0.2731834087490328,0.40357403273986553,0.5036719425112011,0.5055604472483858,0.45869633602411564,0.5028680946879602,Midwest
Montana,14.549423588464284,3.7100379689553575,16.868997745375,29.258928571428573,7.017857142857143,20.821788440125,18.377358490566035,1567.5,15.592592592592593,13.909090909090908,42.626200181818184,66.5625,176.85213791666666,3292.0,61.75568236085714,20.0625,3994.9464285714284,23.196428571428573,57.81481481481482,110.482231275,12.911789581691071,9.967968423528571,1.7120308925196428,29.071428571428573,6.625786332125,2215.714285714286,1463.0519154726785,29.666666666666668,12.31629898777778,1334.1964285714287,13.9302229733625,255.16071428571428,98.61035839285715,10.978754892666666,49370.21428571428,32.082655458699996,40.25,25.450760249565224,5117.017857142857,919.0714285714286,10.714142080810715,22.311353617303574,100.21428571428571,1260.767857142857,8.478195006055357,175.92857142857142,15.946428571428571,53.982142857142854,2406.3571428571427,515.1785714285714,0.6593857142857144,0.3914553571428571,0.32580000000000003,0.4185714285714286,0.5695125,0.4747160714285714,0.3945125,0.28074107142857146,West
Nebraska,14.112269398935483,3.402556890103226,14.624568978645161,33.736559139784944,7.441935483870968,19.953258677537637,13.337209302325581,1635.1397849462367,17.433734939759034,16.274725274725274,49.24160538461538,65.56410256410255,104.8554741025641,3681.4022988505744,69.59015142616128,16.10967741935484,5016.548387096775,26.365591397849464,69.58904109589041,78.0647390460143,10.184911130991397,8.096934399612904,1.2955468694258065,52.2,6.341896435855555,2413.548387096774,1108.594017080559,58.0,8.401631701800001,1387.3118279569892,12.468647897247312,270.80645161290323,77.35119827956989,6.148213245666667,53588.84946236559,29.29044783561765,46.45454545454545,10.036983391880002,5360.935483870968,825.3333333333334,8.50129611606559,21.88343687035484,998.9462365591398,308.2043010752688,1.903194869517204,562.8279569892474,25.13978494623656,508.2903225806452,3977.494623655914,557.8172043010753,0.6823903225806451,0.549936559139785,0.27511290322580645,0.4522548387096774,0.293005376344086,0.4476698924731183,0.2177258064516129,0.18376774193548387,Midwest
Nevada,18.126347283647057,4.285598129564706,17.55061974723529,29.576470588235296,7.223529411764706,20.283787654235294,93.3529411764706,19270.823529411766,113.06666666666666,116.6875,46.1673875,400.5,143.99150875,3439.375,53.40350994629412,16.705882352941178,39243.58823529412,71.82352941176471,1109.9705882352941,99.4628171898,13.719369416864705,9.420335211,1.7421822793705883,154.44444444444446,6.416931888550001,20772.941176470587,8514.644943947706,249.0,25.514102687875003,16321.235294117647,13.785171483694118,3277.6470588235293,65.761173125,10.186795867379999,60823.64705882353,26.571394985458333,275.7272727272727,22.5752773705,35324.705882352944,10074.5,9.52336893236875,21.104834582294117,16289.941176470587,2992.4117647058824,4.597527916564706,15553.588235294117,1409.5294117647059,9801.823529411764,81392.0,2199.3529411764707,0.5152470588235294,0.39065294117647065,0.6311,0.4987,0.7068941176470588,0.38539411764705883,0.5565823529411764,0.569535294117647,West
New Hampshire,12.37277934152,3.9612278409200004,14.846272716800001,28.839999999999996,8.6,19.3713680878,59.4,7549.2,121.9,101.1,69.352713,416.3,310.906453,3849.1,66.9985576663,12.41,25915.2,136.2,252.9,91.6663825867,15.362011059600002,13.4597088456,1.09052609805,41.125,4.150771693266667,11541.0,6543.388688607,140.0,31.2465354026,6951.5,8.96592376317,662.5,133.947488,4.4208840728,67052.6,37.340280915099996,126.3,11.76063529954,37475.8,6704.4,13.0658458193,20.2753429619,1914.6,409.0,0.33377902996,4046.0,63.7,1270.0,11623.2,4188.8,0.52114,0.15405,0.22143000000000002,0.75471,0.33954999999999996,0.59005,0.46765,0.17057,Northeast
New Jersey,16.52790728638095,3.9829110027190473,14.068380184619048,27.447619047619046,8.504761904761905,18.515944232333332,138.42857142857142,31837.904761904763,360.6666666666667,364.3809523809524,77.94682666666667,948.4285714285714,211.9944342857143,4775.809523809524,67.7818689504762,12.904761904761905,93253.52380952382,362.7142857142857,1066.142857142857,62.81279724566667,20.44275661242857,18.155624101,0.8293374414666668,132.47619047619048,4.677106307095,41027.619047619046,15262.121956055238,363.85714285714283,31.737662053714285,28695.619047619046,10.280386569014286,3499.5238095238096,57.15472523809523,6.137515350557142,81475.80952380953,39.473005764571425,182.42857142857142,5.8004737786380955,97829.19047619047,28153.571428571428,17.996255140380953,16.913503008333333,54768.619047619046,2605.0476190476193,0.5870701528857143,42345.28571428572,475.42857142857144,24705.714285714286,183849.7619047619,8921.666666666666,0.30617142857142854,0.4751095238095238,0.7306904761904762,0.8848714285714285,0.05638095238095238,0.48219047619047617,0.5581238095238096,0.42514285714285716,Northeast
New Mexico,22.125971735636366,4.477629035384849,17.066621080666668,28.8,6.087878787878788,15.694829420515152,56.36363636363637,5658.090909090909,50.29032258064516,44.03125,56.43193031249999,248.36363636363637,439.35666515151513,3272.090909090909,54.78370143860606,28.96060606060606,14834.939393939394,49.60606060606061,411.43548387096774,118.62047465659376,15.61648329718788,11.969390227824242,1.5989445501454547,58.705882352941174,5.81475456815,9856.666666666666,8764.405724952727,65.30434782608695,28.225743519086958,4935.242424242424,12.914283525151514,824.5757575757576,93.42472757575757,11.372519506135715,43713.30303030303,27.892968940903703,89.66666666666667,22.16032295164,15886.121212121212,3209.8125,11.966976838481251,21.569041720363636,1169.3939393939395,6924.030303030303,9.195098609033334,1128.969696969697,103.15151515151516,2613.3636363636365,38698.969696969696,1306.7878787878788,0.543539393939394,0.5161454545454545,0.897309090909091,0.3809272727272727,0.7813212121212121,0.5045121212121213,0.623769696969697,0.7697848484848484,Southwest
New York,15.096231274870345,4.112437763985198,15.344286428236297,30.7732782402461,8.270744371698914,20.011123372442427,99.84126984126983,26598.25396825397,364.55555555555554,376.43548387096774,56.92974144586717,1331.5555555555557,218.04847880772067,4484.353129155625,62.839664489234245,17.976603071647563,92639.57142857143,330.6190476190476,1990.547619047619,58.954725193046905,16.942714872919588,14.643140225312914,0.9461813099601869,159.87719298245614,5.581488724455148,54248.57142857143,7066.745203246286,251.44262295081967,19.304513579937176,24223.349206349205,6.673189178012704,2605.222222222222,103.66607976404332,7.316153746293211,61071.30397998874,39.14437286166001,178.88709677419354,6.243848465969498,78939.61904761905,34888.031746031746,14.760014558060526,18.584063150283132,74333.09523809524,4895.714285714285,0.7429807375983438,47777.60317460317,704.5396825396825,36384.269841269845,227271.92063492062,11991.15873015873,0.4256902758629762,0.3155608231285006,0.46071599730711227,0.6779513430429406,0.3275983915923815,0.6824606632871318,0.7050767984091225,0.46503672235282817,Northeast
North Carolina,18.44969376346,4.226666449948,17.47506505934,33.802,7.301020408163265,15.75026491477,70.32323232323232,10633.35,74.23469387755102,60.8125,42.84965041666666,256.1111111111111,171.75431050505048,4849.08,58.681804776540005,24.385,22699.02,114.4,333.37234042553195,86.95920829897001,15.568910580222001,13.245509567792999,0.800745164886,65.13924050632912,7.94377840746875,14824.6,6557.676990200353,75.33333333333333,23.191492742987357,9593.3,16.86308817119,1163.58,93.83082887755101,9.19843699759322,48691.64,30.104757130469388,75.6595744680851,15.96812054507742,25487.05,5020.15,13.365049521302002,19.966521425421,22195.12,1630.78,2.028507227381,3292.84,129.89,2342.63,35793.9,2544.4,0.527228,0.398864,0.665526,0.427188,0.7268810000000001,0.49180300000000005,0.635089,0.696902,Southeast
North Dakota,14.236049240000002,3.211287638718868,17.100830451490566,33.30566037735849,8.432075471698115,21.44832701950943,12.244897959183673,1010.2264150943396,14.846153846153845,9.9,46.6157998,44.5,119.97118531249998,4920.0392156862745,69.525033934,13.775471698113208,3235.4716981132074,19.830188679245282,32.09615384615385,94.16870209665854,8.906116064658491,6.82120513594151,0.723166904273585,23.30769230769231,6.4364142117,1032.2641509433963,892.8703622015094,24.0,10.420755433683334,774.1698113207547,10.665352739811322,256.41509433962267,109.53068188679246,14.534706330439999,58070.301886792455,31.057953468134485,35.4375,17.077009103199998,3723.5283018867926,564.1320754716982,7.826647219354717,21.067503327205664,464.52830188679246,791.7358490566038,6.9873378503377355,253.32075471698113,10.81132075471698,83.52830188679245,1892.9811320754718,499.1320754716981,0.628188679245283,0.43862641509433964,0.29572452830188684,0.5530037735849057,0.4071245283018868,0.5431415094339622,0.3314962264150943,0.1487924528301887,Midwest
Ohio,17.14839388884091,4.390961306455682,19.19947758715909,34.31704545454546,7.645454545454545,18.231575645977273,62.44318181818182,7630.340909090909,100.97727272727273,82.5340909090909,42.67961159090909,324.5113636363636,170.5124955681818,5065.397727272727,57.88390140198863,18.004545454545454,29418.5,144.5681818181818,387.9285714285714,84.35281932814773,12.431889217855682,10.452708428672727,1.232586633481818,72.84523809523809,6.86629269172206,19395.909090909092,8883.62189474683,159.39285714285714,33.2193805685119,6337.431818181818,8.214489386394318,1399.0113636363637,69.69288431818183,7.37481255543,55374.96590909091,40.07459629229885,98.72941176470589,11.22600659360238,34900.306818181816,6291.022727272727,10.478164369145453,18.274159724829545,16754.55681818182,381.4318181818182,0.3121666212704545,3263.8863636363635,79.47727272727273,1292.0681818181818,26384.295454545456,3538.5,0.43218409090909093,0.5509568181818182,0.2852363636363636,0.5765886363636364,0.35116363636363634,0.49141477272727274,0.4122068181818182,0.3937988636363636,Midwest
Oklahoma,20.54258391224675,4.6337751974766235,19.042754804649352,35.13506493506494,6.8896103896103895,13.377062579415584,43.02597402597402,6933.805194805195,33.31506849315068,32.554054054054056,42.251802162162164,224.05633802816902,308.32407352112676,5493.766233766234,51.97942945387013,23.22987012987013,12308.805194805194,56.37662337662338,217.3116883116883,109.34731693996105,11.992303862111688,8.802122481429869,1.1259828519402597,49.6875,8.009194149399999,7801.298701298701,4198.637134398195,45.3125,22.921292610397916,5979.675324675325,22.20514592346753,1047.8051948051948,70.56346441558442,9.89058264229318,47492.0,17.23664551366892,61.354838709677416,19.843977544559323,12558.935064935065,2102.7012987012986,9.518562041037663,18.295729734116883,3803.1428571428573,4766.792207792208,11.658322054842857,1197.1298701298701,98.28571428571429,976.7012987012987,16645.68831168831,1428.2337662337663,0.4816116883116883,0.6875571428571429,0.6743987012987013,0.36366103896103896,0.5845376623376624,0.5279207792207793,0.5092337662337663,0.6089987012987013,Southwest
Oregon,15.460965682333333,4.523255812825,15.413769409999999,31.533333333333335,7.352777777777778,18.357817390333334,62.388888888888886,7701.222222222223,108.22222222222223,92.88888888888889,66.32775944444444,624.4571428571429,429.87854342857145,2732.3142857142857,60.86856219208333,19.163888888888888,23801.527777777777,113.61111111111111,292.0857142857143,90.96780613833333,17.837727885166668,14.414913216933334,1.635993016375,56.400000000000006,5.294477064026666,13932.5,5728.653596577223,67.17391304347827,12.4765280875,6863.027777777777,10.697401754558333,923.4444444444445,96.82591027777778,9.018673499110001,54679.47222222222,24.27443525680909,123.96875,17.71030075941,27375.63888888889,6887.361111111111,14.360243377933333,22.064502287083332,2280.75,2111.75,2.602279836325,5622.055555555556,527.75,3193.25,25438.88888888889,2447.5555555555557,0.6313833333333334,0.3680361111111111,0.5163555555555556,0.6648805555555556,0.5874361111111112,0.47963055555555556,0.6854694444444445,0.6097861111111111,West
Pennsylvania,16.005215663626863,4.3684202679850745,17.93958673129851,32.547761194029846,8.12089552238806,19.704785888179106,88.2089552238806,10070.731343283582,159.27692307692305,133.87878787878788,52.90127787878788,394.6268656716418,143.31341358208954,4714.522388059701,57.0403152259403,17.32089552238806,39476.64179104478,230.98507462686567,601.044776119403,86.38652698802986,12.835634192073133,11.067004317622388,1.210375739861194,85.88524590163934,6.374372814248935,22854.02985074627,8673.331416192626,228.9047619047619,31.98201515803333,8398.477611940298,7.552386011164179,1807.9850746268658,122.29287835820895,6.8776236878237285,55861.89552238806,39.227231662703126,151.4375,12.36536417156508,51753.23880597015,9781.940298507463,11.330968697050746,20.27704186038806,20724.537313432837,739.7462686567164,0.31205322381343287,7075.686567164179,150.08955223880596,3629.7014925373132,42525.014925373136,6405.238805970149,0.5961970149253731,0.26810447761194034,0.3157597014925373,0.6045507462686567,0.3539044776119403,0.6222970149253731,0.514268656716418,0.36008656716417914,Northeast
Rhode Island,13.4602498244,4.16391580198,13.2969682098,26.339999999999996,8.16,20.2595504894,57.8,9244.0,206.0,136.8,66.565398,865.0,327.010716,4066.2,73.90748076759999,12.12,41365.6,210.8,484.9,76.5087185858,17.1009938634,15.5766335838,1.2082895859,86.75,5.085049846633334,24248.0,9932.1467302,192.6,27.382942935799996,8384.2,5.0300245630600005,966.4,81.52243,4.471909711133334,73987.2,35.5653717944,119.6,4.092576518574999,49513.0,12950.4,15.4631778764,19.3656501252,12664.6,2261.6,0.7300062590399999,7683.8,427.0,8775.6,54842.6,8429.6,0.52816,0.15384,0.43444000000000005,0.8283999999999999,0.04652,0.68118,0.44386000000000003,0.25776,Northeast
South Carolina,19.961804177717394,4.544678261993479,18.045662418586957,36.36086956521739,7.123913043478261,15.514707476304347,105.3913043478261,11494.04347826087,72.91304347826087,61.108695652173914,39.46006413043478,193.82608695652175,123.6603397826087,4952.239130434783,53.65421310858695,28.72608695652174,23589.304347826088,124.17391304347827,531.6086956521739,88.73766988984782,14.353742137332608,12.525645464104349,0.8569909801630434,63.07142857142857,7.893887474564706,14017.173913043478,9176.32616383089,89.39393939393939,18.840395361130305,10323.152173913044,16.557189668282607,1286.608695652174,68.91669282608696,8.462233819823332,46011.82608695652,29.509173075586954,91.53488372093024,19.211772958913045,28377.152173913044,5176.978260869565,12.994377798304349,19.420327647652176,29417.130434782608,602.0434782608696,0.6689948685630435,1955.695652173913,112.02173913043478,1436.3478260869565,37986.913043478264,2977.891304347826,0.45721521739130433,0.4630978260869565,0.8011086956521739,0.47677391304347827,0.802104347826087,0.5374043478260869,0.7016847826086957,0.7730499999999999,Southeast
South Dakota,13.662557314839395,3.135525067619697,17.046678330651517,33.13636363636363,6.736363636363636,17.92478111398485,9.772727272727273,1152.2575757575758,11.963636363636365,8.092307692307692,50.90026276923077,36.38636363636363,133.7338668181818,4985.666666666667,62.80999915262121,19.82272727272727,3174.1969696969695,19.106060606060606,42.59090909090909,102.49511559659649,11.798753685545455,8.28068859856515,1.4992768409939394,27.5,9.574289079342858,1512.2727272727273,1301.0945221307727,31.333333333333332,7.976800822766666,952.3333333333334,15.488356206521212,216.5151515151515,115.69276333333333,16.860274116562497,51945.21212121212,29.689505919435135,30.26086956521739,17.17342440674545,3524.787878787879,482.9848484848485,8.595579714889395,19.465124303628787,305.4848484848485,1203.2121212121212,14.422326445380303,228.6818181818182,11.318181818181818,121.03030303030303,2206.8939393939395,515.2424242424242,0.5631257575757576,0.6273772727272727,0.4080833333333333,0.540290909090909,0.474630303030303,0.576230303030303,0.42096969696969694,0.3226454545454545,Midwest
Tennessee,21.353385691242107,4.769026522206316,22.344045724989474,33.77684210526316,7.688297872340426,13.902439565400002,52.915789473684214,6540.336842105263,53.466666666666676,40.08791208791209,35.30793010989011,115.48314606741575,76.56678516853933,5890.41052631579,48.74941976065263,23.97684210526316,15649.231578947369,76.61052631578947,434.22105263157897,98.86267455714737,13.24560614304421,10.949557347915789,0.9596304745589475,53.1764705882353,7.185098879368181,9538.105263157895,5711.698685705263,68.87837837837837,26.445971021432435,5902.031578947369,14.51728806548,708.4526315789474,103.54041347368421,9.090201534140476,47251.45263157895,31.334075658894626,61.94318181818182,18.114978305611903,17906.936842105264,3227.3263157894735,10.730748716933684,19.156179891162108,11932.189473684211,335.0105263157895,0.5081604699578947,1352.9052631578948,68.37894736842105,995.3052631578947,17561.473684210527,1619.5263157894738,0.5389242105263158,0.42732526315789476,0.3729484210526316,0.3914715789473684,0.6541673684210526,0.44210105263157895,0.4773305263157895,0.6049778947368422,Southeast
Texas,20.602777248232282,4.060520532585433,14.94272356840945,31.24763779527559,6.957312252964427,17.946538424,72.00393700787401,18522.145669291338,73.67094017094017,68.64730290456431,30.809025477178423,152.6448598130841,56.48524014018692,5279.44939271255,51.26034333485827,23.805905511811023,28603.632411067196,81.9251968503937,454.60671936758894,77.15655251091417,14.079823332134252,9.461371758057087,1.4173149177102362,111.3046875,6.1663749046177205,16077.63779527559,8618.250622457224,95.71264367816092,11.675169108311495,15625.452755905511,24.879864304350395,3207.9409448818897,60.45463947580645,11.057276955579797,51302.24803149606,25.41751054344493,109.80503144654088,15.33068615847162,23298.311023622045,4902.371541501976,10.1224253573917,18.118371251374803,13549.779527559054,1145.515748031496,1.2440379016161418,5851.44094488189,166.66535433070865,7708.44094488189,60042.32677165354,2366.582677165354,0.4430251968503937,0.6516622047244094,0.7755027559055118,0.39750826771653547,0.6072866141732284,0.4783767716535433,0.5587641732283464,0.6665015748031496,Southwest
Utah,13.4913151916,3.8620290745793104,10.04958169561724,26.92758620689655,7.137931034482759,11.669326651968966,46.48275862068966,9445.0,64.14285714285714,74.13793103448276,55.26373586206896,363.55172413793105,244.7796903448276,2946.896551724138,65.08017578662069,13.206896551724139,31434.0,34.03448275862069,260.0,86.69261613574074,12.646212605965518,9.083506136037931,0.8814965941172413,107.625,5.237086054660001,12741.379310344828,5541.707884272208,109.3529411764706,22.620513252,7334.758620689655,13.237196816334482,2301.310344827586,68.75687793103448,7.275463832164285,62675.1724137931,29.45634932156956,129.91666666666666,17.825406565638097,23068.44827586207,3388.7241379310344,9.087405432165516,15.389174429368966,1251.9655172413793,1676.8275862068965,3.472311213337931,2944.448275862069,1155.0,2275.448275862069,21005.103448275862,1576.6896551724137,0.2552241379310345,0.8997655172413793,0.4313172413793104,0.4808655172413793,0.3754172413793104,0.36493448275862067,0.31787241379310344,0.3177206896551724,West
Vermont,12.336808666357143,4.119302497892857,14.615125335928571,27.835714285714285,8.22857142857143,19.75699412592857,21.428571428571427,1918.357142857143,50.285714285714285,32.0,60.10285,204.64285714285714,365.3848735714286,3521.1428571428573,63.430955171571426,13.900000000000002,8327.92857142857,56.57142857142857,52.67857142857143,88.85642339785714,16.938559643214287,14.79615581107143,1.0401908054785713,16.2,4.899736866,5114.285714285715,1471.5871530362144,34.083333333333336,22.642222015250002,1801.9285714285713,7.1250114548428565,128.35714285714286,97.59192142857144,9.126501304583334,58226.42857142857,31.534677377142856,47.25,13.5806834496,13112.142857142857,2759.714285714286,15.32727339057143,20.735308863142855,582.5,175.5,0.5046378556214285,898.6428571428571,17.642857142857142,237.28571428571428,2935.3571428571427,1814.4285714285713,0.5603071428571428,0.1828642857142857,0.17867857142857144,0.5366714285714286,0.3705357142857143,0.5783357142857143,0.4855571428571429,0.21069285714285715,Northeast
Virginia,16.71366835307669,3.9684471202052634,16.991192660922557,32.542857142857144,7.957812499999999,17.106712221218046,30.511811023622048,5331.849624060151,50.55118110236221,46.023622047244096,55.92817732283465,115.45736434108528,163.02495333333331,4808.022900763359,60.12785618200751,19.281954887218046,13898.947368421053,68.92481203007519,131.3984962406015,80.48364440247369,14.42963972117594,12.578971151621804,0.9248093895240602,40.07058823529412,7.274454528585416,6292.932330827068,2674.64484786904,49.11904761904761,21.559834491826187,4665.796992481203,13.291300920435338,734.2631578947369,99.86136714285715,7.132179202880556,59157.67669172932,24.53961861662619,52.0,15.745170429257426,15570.518796992481,2993.5187969924814,12.861553380794737,19.49829923321579,12236.345864661655,348.9398496240602,0.555197612212782,4428.917293233083,75.17293233082707,1577.1052631578948,23045.428571428572,1821.5413533834587,0.5134766917293233,0.3200984962406015,0.6030541353383458,0.5662233082706767,0.38090676691729325,0.4850330827067669,0.43922706766917297,0.42982706766917295,Southeast
Washington,16.296552136205126,4.257366083710257,14.06174533767436,30.98205128205128,7.5,17.73726368646154,68.15384615384616,11248.153846153846,169.13513513513513,157.64102564102564,61.00916282051283,719.7692307692307,284.2432366666667,2755.8205128205127,61.20703419220512,16.676923076923078,41474.4358974359,161.51282051282053,530.9102564102565,79.66352474968421,16.941109076666667,13.161494498400002,1.4205599221897436,92.35714285714286,4.792778431733334,21833.076923076922,9551.112472124743,116.89655172413794,15.524549274886207,10224.076923076924,10.398718310917948,1143.5128205128206,89.23400256410257,7.975388072692308,59598.179487179485,29.492984700749997,168.71428571428572,12.947388954164516,45039.794871794875,9762.384615384615,12.929361685553847,20.68186520998205,7580.282051282052,3703.846153846154,3.1240192599000003,18037.30769230769,1512.8461538461538,6446.076923076923,53712.07692307692,3627.4102564102564,0.5391794871794872,0.42066923076923074,0.5786333333333333,0.6551384615384616,0.5411384615384615,0.42168974358974365,0.5996666666666667,0.540276923076923,West
West Virginia,23.0732593248,5.3751596290000005,22.882623312563638,37.10181818181818,7.547272727272728,12.29566815960909,25.581818181818182,1941.5272727272727,25.654545454545456,18.444444444444446,42.2354937037037,42.8,88.17336672727274,6304.527272727273,48.49665116861818,24.861818181818183,6672.272727272727,39.836363636363636,115.20408163265306,113.186722758,10.600584679487273,8.733658974218182,1.02727280802,26.28571428571429,8.081391355733333,4547.272727272727,2207.4694502554253,61.883720930232556,44.83421039406977,1778.1090909090908,9.551809545014546,178.6727272727273,109.62505781818182,11.091584209840908,43184.236363636366,39.488410900733335,39.355555555555554,18.85916641206977,9743.272727272728,1272.4727272727273,8.974284549094545,21.277440336327274,1153.2545454545455,82.2909090909091,0.27904483770727273,278.8727272727273,9.6,108.7090909090909,2544.2909090909093,887.1818181818181,0.6366381818181818,0.25301636363636365,0.15132363636363635,0.4114781818181818,0.6860563636363637,0.42277818181818183,0.5158345454545454,0.5023890909090909,Southeast
Wisconsin,13.237409340981944,3.65894453805,16.086691105138886,32.581944444444446,8.422535211267606,24.833986053222223,40.0,4210.722222222223,63.361111111111114,55.208333333333336,58.87390652777778,164.16666666666666,138.0866398611111,3664.1388888888887,64.15106895673611,14.86111111111111,17689.833333333332,89.58333333333333,236.28169014084506,82.30980164131944,12.947856147493056,10.754051872065277,1.2641748763791667,51.97826086956522,5.583061275414286,8141.944444444444,3829.2541595412963,73.48837209302326,17.763712672193023,3548.6944444444443,7.920041149029166,719.1666666666666,80.29125472222222,7.322874282847827,58008.75,33.10816246060857,65.76923076923077,10.72785509800678,21778.333333333332,3869.9166666666665,10.680156664655556,20.160791053152778,5151.513888888889,938.4861111111111,3.0424166917777775,2446.4861111111113,45.041666666666664,1072.3055555555557,14267.291666666666,2060.2083333333335,0.5436347222222222,0.4099125,0.2994527777777778,0.6491263888888889,0.28402916666666667,0.4800819444444444,0.3720208333333333,0.24958333333333332,Midwest
Wyoming,14.039427545086957,3.538298402273913,16.05585735373913,28.843478260869563,7.839130434782609,18.850923149521737,27.869565217391305,2937.391304347826,17.08695652173913,16.956521739130434,60.428983913043474,84.17391304347827,280.06509130434785,3078.0,65.0881618177826,13.721739130434784,5914.0,29.782608695652176,51.42857142857143,95.84401376978262,11.542615353639132,9.166295976069565,1.000893633969565,24.875,5.654595011333334,3008.2608695652175,2129.2537736873915,19.666666666666668,14.927221086333335,2440.608695652174,17.12825828547826,538.304347826087,83.85588,7.773865951066667,61964.434782608696,22.839172202789474,36.78947368421053,20.5498178889375,6961.782608695652,998.6521739130435,9.9710685873,18.773142470391303,286.8695652173913,689.5652173913044,2.2542950746608694,270.1304347826087,24.869565217391305,222.56521739130434,3963.913043478261,618.7391304347826,0.41609999999999997,0.563595652173913,0.411295652173913,0.558095652173913,0.6043782608695653,0.49023478260869563,0.41989565217391306,0.2484217391304348,West
